Search type, Search term, Number of times searched
keyword, library, 57
keyword, of, 43
keyword, printing, 41
keyword, qualtrics, 40
keyword, nyu, 37
keyword, center, 32
keyword, the, 30
keyword, room, 30
keyword, reserve, 29
keyword, study, 29
keyword, new, 28
keyword, in, 24
keyword, refworks, 24
keyword, avery, 24
keyword, endnote, 23
keyword, jstor, 23
keyword, fales, 23
keyword, a, 23
keyword, and, 22
keyword, bobst, 22
keyword, fisher, 21
keyword, ezproxy, 21
keyword, research, 20
keyword, book, 19
keyword, collection, 19
keyword, citation, 18
keyword, wireless, 18
keyword, dictionary, 18
keyword, access, 18
keyword, tamiment, 17
keyword, offsite, 17
keyword, marli, 17
keyword, school, 17
keyword, oxford, 16
keyword, computer, 16
keyword, graduate, 15
keyword, music, 15
keyword, ebrary, 15
keyword, group, 15
keyword, history, 15
keyword, digital, 14
keyword, circulation, 14
keyword, collections, 14
keyword, english, 14
keyword, loan, 14
keyword, proxy, 14
keyword, proquest, 13
keyword, dissertation, 13
keyword, data, 13
keyword, studio, 13
keyword, business, 12
keyword, rooms, 12
keyword, site, 12
keyword, request, 12
keyword, services, 12
keyword, management, 12
keyword, times, 12
keyword, york, 12
keyword, call, 12
keyword, e, 11
keyword, virtual, 11
keyword, scanner, 11
keyword, google, 11
keyword, color, 11
keyword, fine, 11
keyword, online, 11
keyword, fines, 11
keyword, scan, 11
keyword, hours, 11
keyword, edu, 11
keyword, alumni, 10
keyword, bibliography, 10
keyword, development, 10
keyword, mla, 10
keyword, nexis, 10
keyword, art, 10
keyword, lexis, 10
keyword, dissertations, 10
keyword, books, 10
keyword, microfilm, 10
keyword, style, 10
keyword, journal, 10
keyword, chicago, 10
keyword, code, 10
keyword, oed, 9
keyword, for, 9
keyword, media, 9
keyword, review, 9
keyword, copyright, 9
keyword, staff, 9
keyword, service, 9
keyword, strategic, 9
keyword, print, 9
keyword, special, 9
keyword, policy, 9
keyword, law, 9
keyword, scholar, 9
keyword, spss, 8
keyword, naxos, 8
keyword, lost, 8
keyword, theses, 8
keyword, primary, 8
keyword, privileges, 8
keyword, arts, 8
keyword, report, 8
keyword, plan, 8
keyword, chart, 8
keyword, number, 8
keyword, recommend, 8
keyword, apa, 8
keyword, search, 8
keyword, account, 8
keyword, internet, 8
keyword, fax, 8
keyword, psychology, 7
keyword, film, 7
keyword, campus, 7
keyword, desk, 7
keyword, works, 7
keyword, delivery, 7
keyword, organization, 7
keyword, preservation, 7
keyword, ancestry, 7
keyword, reader, 7
keyword, worldcat, 7
keyword, its, 7
keyword, map, 7
keyword, chemdraw, 7
keyword, abortion, 7
keyword, science, 7
keyword, social, 7
keyword, microform, 6
keyword, yearbook, 6
keyword, endnotes, 6
keyword, copying, 6
keyword, tour, 6
keyword, pubmed, 6
keyword, learning, 6
keyword, s, 6
keyword, artstor, 6
keyword, reference, 6
keyword, sources, 6
keyword, leisure, 6
keyword, visitor, 6
keyword, check, 6
keyword, electronic, 6
keyword, project, 6
keyword, foundation, 6
keyword, ref, 6
keyword, systems, 6
keyword, thesis, 6
keyword, eichmann, 6
keyword, american, 6
keyword, information, 6
keyword, numbers, 6
keyword, my, 6
keyword, lockers, 6
keyword, myers, 6
keyword, institute, 6
keyword, international, 6
keyword, index, 6
keyword, resources, 6
keyword, friends, 5
keyword, rosetta, 5
keyword, william, 5
keyword, z39, 5
keyword, form, 5
keyword, war, 5
keyword, mendeley, 5
keyword, stone, 5
keyword, on, 5
keyword, pew, 5
keyword, 50, 5
keyword, database, 5
keyword, columbia, 5
keyword, document, 5
keyword, archive, 5
keyword, sectors, 5
keyword, reservation, 5
keyword, poly, 5
keyword, harvard, 5
keyword, easybib, 5
keyword, stata, 5
keyword, scifinder, 5
keyword, documents, 5
keyword, pay, 5
keyword, video, 5
keyword, copy, 5
keyword, sheet, 5
keyword, bobcat, 5
keyword, ebooks, 5
keyword, datastream, 5
keyword, therapy, 5
keyword, theatre, 5
keyword, course, 5
keyword, interlibrary, 5
keyword, lab, 5
keyword, work, 5
keyword, archives, 5
keyword, street, 5
keyword, commons, 5
keyword, to, 5
keyword, you, 4
keyword, ny, 4
keyword, at, 4
keyword, abstract, 4
keyword, mandel, 4
keyword, statistics, 4
keyword, progressions, 4
keyword, newspapers, 4
keyword, carol, 4
keyword, market, 4
keyword, www, 4
keyword, term, 4
keyword, government, 4
keyword, world, 4
keyword, consortium, 4
keyword, laptop, 4
keyword, client, 4
keyword, academic, 4
keyword, floor, 4
keyword, studies, 4
keyword, off, 4
keyword, renaissance, 4
keyword, technology, 4
keyword, guide, 4
keyword, pro, 4
keyword, citations, 4
keyword, com, 4
keyword, career, 4
keyword, millman, 4
keyword, last, 4
keyword, available, 4
keyword, visiting, 4
keyword, wiki, 4
keyword, alexander, 4
keyword, printers, 4
keyword, clean, 4
keyword, mobile, 4
keyword, sponsored, 4
keyword, sciences, 4
keyword, scanners, 4
keyword, abstracts, 4
keyword, investext, 4
keyword, renew, 4
keyword, recordings, 4
keyword, health, 4
keyword, blacks, 4
keyword, university, 4
keyword, records, 4
keyword, writing, 4
keyword, industries, 4
keyword, london, 4
keyword, paper, 4
keyword, mission, 4
keyword, mango, 4
keyword, borrowing, 4
keyword, susan, 4
keyword, david, 4
keyword, reserves, 4
keyword, phone, 4
keyword, athens, 4
keyword, esri, 4
keyword, web, 4
keyword, french, 4
keyword, lee, 4
keyword, what, 4
keyword, hayes, 4
keyword, item, 4
keyword, issues, 4
keyword, dance, 4
keyword, problems, 3
keyword, students, 3
keyword, out, 3
keyword, excel, 3
keyword, courant, 3
keyword, journalism, 3
keyword, physical, 3
keyword, whatley, 3
keyword, z, 3
keyword, time, 3
keyword, dog, 3
keyword, illustrator, 3
keyword, link, 3
keyword, log, 3
keyword, hathi, 3
keyword, software, 3
keyword, union, 3
keyword, census, 3
keyword, found, 3
keyword, how, 3
keyword, football, 3
keyword, comments, 3
keyword, sfx, 3
keyword, printer, 3
keyword, spring, 3
keyword, dean, 3
keyword, cooper, 3
keyword, eric, 3
keyword, equipment, 3
keyword, hamilton, 3
keyword, bloomberg, 3
keyword, literature, 3
keyword, events, 3
keyword, century, 3
keyword, newspaper, 3
keyword, policies, 3
keyword, cash, 3
keyword, life, 3
keyword, faulkner, 3
keyword, conference, 3
keyword, fogelman, 3
keyword, water, 3
keyword, news, 3
keyword, missing, 3
keyword, jobs, 3
keyword, rosie, 3
keyword, classes, 3
keyword, libraries, 3
keyword, managing, 3
keyword, euromonitor, 3
keyword, scanning, 3
keyword, borrow, 3
keyword, 2, 3
keyword, amazon, 3
keyword, local, 3
keyword, shop, 3
keyword, riveter, 3
keyword, nolan, 3
keyword, visitors, 3
keyword, self, 3
keyword, landis, 3
keyword, cards, 3
keyword, reshelving, 3
keyword, shelf, 3
keyword, statement, 3
keyword, fees, 3
keyword, student, 3
keyword, w, 3
keyword, language, 3
keyword, training, 3
keyword, adaptive, 3
keyword, space, 3
keyword, 1950, 3
keyword, break, 3
keyword, practice, 3
keyword, food, 3
keyword, return, 3
keyword, non, 3
keyword, firm, 3
keyword, photoshop, 3
keyword, purchase, 3
keyword, judaic, 3
keyword, nyc, 3
keyword, dwr, 3
keyword, is, 3
keyword, type, 3
keyword, films, 3
keyword, from, 3
keyword, boolean, 3
keyword, changes, 3
keyword, advertising, 3
keyword, net, 3
keyword, richard, 3
keyword, sign, 3
keyword, quick, 3
keyword, michael, 3
keyword, atlas, 3
keyword, children, 3
keyword, global, 3
keyword, directory, 2
keyword, u, 2
keyword, microfiche, 2
keyword, persistent, 2
keyword, dvd, 2
keyword, haruki, 2
keyword, diego, 2
keyword, individual, 2
keyword, pamphlets, 2
keyword, politics, 2
keyword, organizational, 2
keyword, ap, 2
keyword, liberal, 2
keyword, pharos, 2
keyword, paging, 2
keyword, scholarly, 2
keyword, analyst, 2
keyword, technologies, 2
keyword, berg, 2
keyword, buy, 2
keyword, iphone, 2
keyword, consultation, 2
keyword, mintel, 2
keyword, murphy, 2
keyword, complaints, 2
keyword, repair, 2
keyword, magazine, 2
keyword, central, 2
keyword, gartner, 2
keyword, security, 2
keyword, dna, 2
keyword, shifting, 2
keyword, palmer, 2
keyword, internship, 2
keyword, dataloggers, 2
keyword, maxim, 2
keyword, umi, 2
keyword, curious, 2
keyword, economic, 2
keyword, images, 2
keyword, cognitive, 2
keyword, inter, 2
keyword, popular, 2
keyword, years, 2
keyword, manual, 2
keyword, equity, 2
keyword, hornick, 2
keyword, swanson, 2
keyword, five, 2
keyword, photocopies, 2
keyword, complaint, 2
keyword, east, 2
keyword, ebsco, 2
keyword, location, 2
keyword, wall, 2
keyword, jose, 2
keyword, human, 2
keyword, clinic, 2
keyword, photo, 2
keyword, summer, 2
keyword, analysis, 2
keyword, agency, 2
keyword, tracking, 2
keyword, scholars, 2
keyword, hathitrust, 2
keyword, adolph, 2
keyword, singapore, 2
keyword, id, 2
keyword, copiers, 2
keyword, pyramid, 2
keyword, hughes, 2
keyword, an, 2
keyword, cuny, 2
keyword, dave, 2
keyword, fire, 2
keyword, aj, 2
keyword, cpusa, 2
keyword, maintenance, 2
keyword, geolytics, 2
keyword, source, 2
keyword, lexisnexis, 2
keyword, trust, 2
keyword, sweet, 2
keyword, exhibit, 2
keyword, comment, 2
keyword, login, 2
keyword, incident, 2
keyword, metrotech, 2
keyword, best, 2
keyword, calendar, 2
keyword, sea, 2
keyword, are, 2
keyword, committee, 2
keyword, resource, 2
keyword, haiti, 2
keyword, photography, 2
keyword, wagner, 2
keyword, zotero, 2
keyword, black, 2
keyword, moby, 2
keyword, knowledge, 2
keyword, basquiat, 2
keyword, defender, 2
keyword, atlantic, 2
keyword, databases, 2
keyword, tech, 2
keyword, professor, 2
keyword, class, 2
keyword, librarian, 2
keyword, african, 2
keyword, pain, 2
keyword, hoover, 2
keyword, weeding, 2
keyword, datalogger, 2
keyword, gorky, 2
keyword, breakfast, 2
keyword, kara, 2
keyword, locations, 2
keyword, san, 2
keyword, fashion, 2
keyword, friend, 2
keyword, future, 2
keyword, youth, 2
keyword, roles, 2
keyword, rss, 2
keyword, theater, 2
keyword, public, 2
keyword, acquisitions, 2
keyword, essays, 2
keyword, conservation, 2
keyword, fiction, 2
keyword, mercury, 2
keyword, indesign, 2
keyword, apocalypse, 2
keyword, forms, 2
keyword, diaspora, 2
keyword, netid, 2
keyword, since, 2
keyword, by, 2
keyword, ez, 2
keyword, hemispheric, 2
keyword, society, 2
keyword, globe, 2
keyword, financial, 2
keyword, ifa, 2
keyword, drop, 2
keyword, articles, 2
keyword, day, 2
keyword, lifelong, 2
keyword, one, 2
keyword, hunter, 2
keyword, murakami, 2
keyword, 2012, 2
keyword, holiday, 2
keyword, libx, 2
keyword, fischer, 2
keyword, itp, 2
keyword, encyclopedia, 2
keyword, faculty, 2
keyword, noise, 2
keyword, stefano, 2
keyword, wiley, 2
keyword, elizabeth, 2
keyword, de, 2
keyword, india, 2
keyword, locker, 2
keyword, laurie, 2
keyword, hour, 2
keyword, women, 2
keyword, brause, 2
keyword, hold, 2
keyword, telephone, 2
keyword, ti, 2
keyword, stylesheet, 2
keyword, sexualities, 2
keyword, palestinian, 2
keyword, fee, 2
keyword, tools, 2
keyword, blcc, 2
keyword, egypt, 2
keyword, mccann, 2
keyword, family, 2
keyword, reports, 2
keyword, simplymap, 2
keyword, 904, 2
keyword, change, 2
keyword, acquisition, 2
keyword, integrity, 2
keyword, preferences, 2
keyword, toilet, 2
keyword, machines, 2
keyword, rivera, 2
keyword, download, 2
keyword, mail, 2
keyword, revolution, 2
keyword, culinary, 2
keyword, lecture, 2
keyword, jack, 2
keyword, lewis, 2
keyword, connection, 2
keyword, vinopal, 2
keyword, asian, 2
keyword, laura, 2
keyword, people, 2
keyword, now, 2
keyword, corey, 1
keyword, stacks, 1
keyword, oral, 1
keyword, laws, 1
keyword, reception, 1
keyword, vietnam, 1
keyword, departments, 1
keyword, santorum, 1
keyword, karms, 1
keyword, duplication, 1
keyword, building, 1
keyword, republic, 1
keyword, wirelessly, 1
keyword, sql, 1
keyword, award, 1
keyword, much, 1
keyword, update, 1
keyword, finale, 1
keyword, workspace, 1
keyword, monkey, 1
keyword, fair, 1
keyword, mathematics, 1
keyword, classroom, 1
keyword, acton, 1
keyword, power, 1
keyword, alerts, 1
keyword, enquirer, 1
keyword, education, 1
keyword, checked, 1
keyword, chat, 1
keyword, expertise, 1
keyword, circulating, 1
keyword, atlases, 1
keyword, reservations, 1
keyword, conundrum, 1
keyword, mallory, 1
keyword, connect, 1
keyword, problem, 1
keyword, uk, 1
keyword, un, 1
keyword, ovid, 1
keyword, roam, 1
keyword, vhs, 1
keyword, up, 1
keyword, variations, 1
keyword, info, 1
keyword, fort, 1
keyword, jennifer, 1
keyword, remote, 1
keyword, russian, 1
keyword, doi, 1
keyword, privilege, 1
keyword, ford, 1
keyword, memory, 1
keyword, something, 1
keyword, termpaper, 1
keyword, alexa, 1
keyword, nurses, 1
keyword, jones, 1
keyword, files, 1
keyword, benito, 1
keyword, anderson, 1
keyword, start, 1
keyword, gallery, 1
keyword, long, 1
keyword, crowe, 1
keyword, museum, 1
keyword, emory, 1
keyword, quiet, 1
keyword, additions, 1
keyword, england, 1
keyword, wrap, 1
keyword, angela, 1
keyword, gazeta, 1
keyword, sos, 1
keyword, charts, 1
keyword, washington, 1
keyword, 70, 1
keyword, communication, 1
keyword, childrens, 1
keyword, own, 1
keyword, or, 1
keyword, documentary, 1
keyword, lapin, 1
keyword, craftsman, 1
keyword, wolf, 1
keyword, regular, 1
keyword, angeles, 1
keyword, graduation, 1
keyword, xiwu, 1
keyword, mobilization, 1
keyword, boiling, 1
keyword, loans, 1
keyword, r, 1
keyword, references, 1
keyword, expire, 1
keyword, carpenter, 1
keyword, dental, 1
keyword, schedule, 1
keyword, mcnulty, 1
keyword, booking, 1
keyword, eshelf, 1
keyword, caribbean, 1
keyword, models, 1
keyword, carreno, 1
keyword, fox, 1
keyword, florence, 1
keyword, openurl, 1
keyword, copies, 1
keyword, macs, 1
keyword, searching, 1
keyword, jean, 1
keyword, raskin, 1
keyword, italian, 1
keyword, directories, 1
keyword, martin, 1
keyword, donna, 1
keyword, ate, 1
keyword, fbis, 1
keyword, performing, 1
keyword, workshop, 1
keyword, marian, 1
keyword, vending, 1
keyword, displaced, 1
keyword, rcms, 1
keyword, formal, 1
keyword, dreams, 1
keyword, bunde, 1
keyword, using, 1
keyword, press, 1
keyword, cell, 1
keyword, survival, 1
keyword, evaluate, 1
keyword, nielsen, 1
keyword, editorials, 1
keyword, ross, 1
keyword, careers, 1
keyword, pot, 1
keyword, advanced, 1
keyword, celia, 1
keyword, sydney, 1
keyword, cantor, 1
keyword, jeweler, 1
keyword, weiss, 1
keyword, bell, 1
keyword, cherry, 1
keyword, generator, 1
keyword, death, 1
keyword, guides, 1
keyword, massacre, 1
keyword, campbell, 1
keyword, psych, 1
keyword, neon, 1
keyword, background, 1
keyword, cookbooks, 1
keyword, lynching, 1
keyword, effects, 1
keyword, musical, 1
keyword, chemistry, 1
keyword, constitutional, 1
keyword, emarketer, 1
keyword, recent, 1
keyword, cleaning, 1
keyword, levels, 1
keyword, running, 1
keyword, director, 1
keyword, stacy, 1
keyword, 42nd, 1
keyword, pick, 1
keyword, d, 1
keyword, easter, 1
keyword, paula, 1
keyword, lita, 1
keyword, colonies, 1
keyword, filtered, 1
keyword, unity, 1
keyword, tutor, 1
keyword, who, 1
keyword, format, 1
keyword, patent, 1
keyword, trial, 1
keyword, italy, 1
keyword, stations, 1
keyword, binding, 1
keyword, sponsoredaccess, 1
keyword, metropolitan, 1
keyword, ve, 1
keyword, riot, 1
keyword, rent, 1
keyword, mythology, 1
keyword, aid, 1
keyword, formats, 1
keyword, finder, 1
keyword, eaton, 1
keyword, meredith, 1
keyword, cracken, 1
keyword, n, 1
keyword, parliamentary, 1
keyword, glossary, 1
keyword, metro, 1
keyword, eiu, 1
keyword, wood, 1
keyword, applied, 1
keyword, matter, 1
keyword, child, 1
keyword, 1983, 1
keyword, great, 1
keyword, easy, 1
keyword, website, 1
keyword, meeting, 1
keyword, tutorials, 1
keyword, west, 1
keyword, pc, 1
keyword, quiz, 1
keyword, airlines, 1
keyword, creativity, 1
keyword, patch, 1
keyword, barry, 1
keyword, cameras, 1
keyword, late, 1
keyword, nicole, 1
keyword, volumes, 1
keyword, cancel, 1
keyword, article, 1
keyword, anti, 1
keyword, grants, 1
keyword, period, 1
keyword, recycling, 1
keyword, monograph, 1
keyword, midwifery, 1
keyword, china, 1
keyword, rose, 1
keyword, games, 1
keyword, april, 1
keyword, foreign, 1
keyword, drug, 1
keyword, argus, 1
keyword, annual, 1
keyword, ill, 1
keyword, country, 1
keyword, restaurant, 1
keyword, brown, 1
keyword, federalist, 1
keyword, gift, 1
keyword, uptodate, 1
keyword, jacobs, 1
keyword, brary, 1
keyword, joy, 1
keyword, do, 1
keyword, janet, 1
keyword, trauma, 1
keyword, rupp, 1
keyword, donate, 1
keyword, it, 1
keyword, libguides, 1
keyword, inquiries, 1
keyword, 3, 1
keyword, wikipedia, 1
keyword, pictures, 1
keyword, recording, 1
keyword, brazil, 1
keyword, subject, 1
keyword, freud, 1
keyword, portrait, 1
keyword, violet, 1
keyword, goodnight, 1
keyword, hosting, 1
keyword, we, 1
keyword, national, 1
keyword, samantha, 1
keyword, locating, 1
keyword, crl, 1
keyword, grrrl, 1
keyword, obscure, 1
keyword, psychinfo, 1
keyword, banking, 1
keyword, morning, 1
keyword, guss, 1
keyword, primo, 1
keyword, h, 1
keyword, dianne, 1
keyword, aes, 1
keyword, getit, 1
keyword, ngos, 1
keyword, borrower, 1
keyword, preparing, 1
keyword, alicia, 1
keyword, shakespeare, 1
keyword, move, 1
keyword, ranking, 1
keyword, x5, 1
keyword, thompson, 1
keyword, about, 1
keyword, score, 1
keyword, terminal, 1
keyword, state, 1
keyword, ngo, 1
keyword, daily, 1
keyword, flowers, 1
keyword, current, 1
keyword, availability, 1
keyword, cds, 1
keyword, spaces, 1
keyword, nyuad, 1
keyword, accession, 1
keyword, sage, 1
keyword, hunger, 1
keyword, cooking, 1
keyword, thomas, 1
keyword, fact, 1
keyword, moon, 1
keyword, jewry, 1
keyword, voting, 1
keyword, metalib, 1
keyword, heat, 1
keyword, expired, 1
keyword, tracy, 1
keyword, letter, 1
keyword, confluence, 1
keyword, blackboard, 1
keyword, yearbooks, 1
keyword, korean, 1
keyword, finding, 1
keyword, which, 1
keyword, contact, 1
keyword, connelly, 1
keyword, aruna, 1
keyword, communicative, 1
keyword, that, 1
keyword, icpsr, 1
keyword, abroad, 1
keyword, serials, 1
keyword, complete, 1
keyword, nazi, 1
keyword, have, 1
keyword, magazines, 1
keyword, lin, 1
keyword, parking, 1
keyword, ann, 1
keyword, boston, 1
keyword, nutrition, 1
keyword, sam, 1
keyword, photocopier, 1
keyword, historical, 1
keyword, victorian, 1
keyword, grey, 1
keyword, diplomatic, 1
keyword, programs, 1
keyword, 18, 1
keyword, johnson, 1
keyword, ben, 1
keyword, b, 1
keyword, financing, 1
keyword, proposal, 1
keyword, shawn, 1
keyword, huc, 1
keyword, grant, 1
keyword, guidelines, 1
keyword, williams, 1
keyword, genesis, 1
keyword, john, 1
keyword, carrels, 1
keyword, palestine, 1
keyword, tom, 1
keyword, master, 1
keyword, philanthropy, 1
keyword, needed, 1
keyword, system, 1
keyword, sackler, 1
keyword, los, 1
keyword, guest, 1
keyword, city, 1
keyword, bib, 1
keyword, nursing, 1
keyword, placing, 1
keyword, support, 1
keyword, app, 1
keyword, reserving, 1
keyword, ebook, 1
keyword, renewal, 1
keyword, ms, 1
keyword, interaction, 1
keyword, definition, 1
keyword, additional, 1
keyword, card, 1
keyword, lmc, 1
keyword, org, 1
keyword, guidestar, 1
keyword, standard, 1
keyword, driver, 1
keyword, extremism, 1
keyword, timothy, 1
keyword, reporting, 1
keyword, got, 1
keyword, dss, 1
keyword, oklahoma, 1
keyword, open, 1
keyword, videotape, 1
keyword, alcohol, 1
keyword, perry, 1
keyword, dictionaries, 1
keyword, salesman, 1
keyword, teams, 1
keyword, ex, 1
keyword, jacobus, 1
keyword, 18th, 1
keyword, list, 1
keyword, secondary, 1
keyword, square, 1
keyword, luck, 1
keyword, promise, 1
keyword, luna, 1
keyword, front, 1
keyword, hundred, 1
keyword, finance, 1
keyword, evening, 1
keyword, argentina, 1
keyword, penn, 1
keyword, sunday, 1
keyword, stevens, 1
keyword, maps, 1
keyword, thank, 1
keyword, linguistics, 1
keyword, nets, 1
keyword, afc, 1
query, qualtrics, 38
query, ezproxy, 20
query, refworks, 18
query, endnote, 17
query, printing, 17
query, jstor, 16
query, fales, 16
query, marli, 15
query, tamiment, 11
query, avery fisher, 11
query, ebrary, 11
query, proxy, 11
query, wireless printing, 10
query, offsite, 10
query, fines, 10
query, circulation, 9
query, oxford english dictionary, 9
query, scanner, 8
query, alumni, 8
query, proquest, 8
query, lexis nexis, 8
query, recommend, 8
query, graduate, 7
query, bibliography, 7
query, naxos, 7
query, digital studio, 7
query, print, 7
query, style, 7
query, fax, 7
query, dissertations, 6
query, artstor, 6
query, reserve a room, 6
query, ref works, 6
query, preservation, 6
query, ancestry, 6
query, thesis, 6
query, scan, 6
query, chemdraw, 6
query, study room, 6
query, call numbers, 6
query, google scholar, 5
query, wireless, 5
query, spss, 5
query, oed, 5
query, privileges, 5
query, special collections, 5
query, citation, 5
query, easybib, 5
query, copyright, 5
query, foundation center, 5
query, reserve, 5
query, group study rooms, 5
query, pubmed, 5
query, avery fisher center, 5
query, worldcat, 5
query, datastream, 5
query, copying, 5
query, rosetta stone, 5
query, lockers, 5
query, color printing, 5
query, access, 5
query, dissertation, 5
query, strategic plan, 4
query, susan hayes, 4
query, research commons, 4
query, investext, 4
query, mendeley, 4
query, new school, 4
query, virtual tour, 4
query, esri, 4
query, theses, 4
query, OED, 4
query, computer center, 4
query, stata, 4
query, Media Industries, 4
query, organization chart, 4
query, offsite available, 4
query, staff, 4
query, fine, 4
query, scifinder, 4
query, delivery, 4
query, JSTOR, 4
query, data service, 4
query, course reserve, 4
query, dictionary, 4
query, ebooks, 4
query, Project Management Sectors in NYU Library, 4
query, study rooms, 4
query, Microfilm, 4
query, my account, 4
query, eichmann, 4
query, Endnotes, 4
query, hours, 4
query, "new school", 4
query, dance, 4
query, microform, 3
query, DWR, 3
query, mobile, 3
query, abortion, 3
query, lost and found, 3
query, ELECTRONIC DOCUMENT MANAGEMENT SYSTEMS, 3
query, spring break, 3
query, harvard business review, 3
query, theatre, 3
query, client services, 3
query, boolean, 3
query, Management Information Systems: Managing the Digital Firm, 3
query, leisure collection, 3
query, number of records in bobcat, 3
query, bobst library computer center "nyu.edu", 3
query, mla, 3
query, shop, 3
query, SPSS, 3
query, ITS, 3
query, book scan, 3
query, missing, 3
query, jobs, 3
query, euromonitor, 3
query, sponsored access, 3
query, wiki, 3
query, data service studio, 3
query, pro abortion, 3
query, visitor, 3
query, request, 3
query, Dissertation Abstracts, 3
query, collection development journalism, 3
query, visitors, 3
query, consortium, 3
query, scanners, 3
query, classes, 3
query, reshelving, 3
query, campus cash, 3
query, sign in, 3
query, social issues, 3
query, virtual business library, 3
query, microfilm, 3
query, photoshop, 3
query, collection development, 3
query, leisure, 3
query, z39.50, 3
query, interlibrary loan, 3
query, writing center, 3
query, printers, 3
query, music, 3
query, athens, 3
query, advertising, 3
query, group code, 3
query, citations, 3
query, laptop printing, 3
query, floor map, 3
query, ny times, 3
query, microfiche, 2
query, Reserve 2 hour loan, 2
query, Fales, 2
query, oxford english dictionary online, 2
query, persistent link, 2
query, blacks diaspora, 2
query, sheet music, 2
query, courant, 2
query, copy cards, 2
query, ap, 2
query, aj, 2
query, abstract, 2
query, internet access, 2
query, illustrator, 2
query, Visiting Student, 2
query, item type  reserve, 2
query, iphone, 2
query, friends of bobst, 2
query, mandel, 2
query, Z39.50, 2
query, what is an abstract, 2
query, software, 2
query, progressions, 2
query, census, 2
query, shifting, 2
query, internship, 2
query, business, 2
query, comments, 2
query, atlas.ti, 2
query, printer, 2
query, security, 2
query, book scanner, 2
query, call number, 2
query, indesign, 2
query, chicago style, 2
query, government documents, 2
query, lost, 2
query, Progressions, 2
query, libx, 2
query, photocopies, 2
query, organizational chart, 2
query, ebsco, 2
query, hours of avery fisher, 2
query, nyu archives, 2
query, career changes, 2
query, bloomberg, 2
query, black atlantic, 2
query, pharos, 2
query, singapore, 2
query, data services, 2
query, lifelong learning, 2
query, events, 2
query, 1950 technology, 2
query, eric, 2
query, on-campus work, 2
query, reserve collection, 2
query, microfilm newspapers, 2
query, recordings online, 2
query, Z Sources, 2
query, pyramid, 2
query, east asian, 2
query, Endnote, 2
query, carol mandel, 2
query, forms, 2
query, UMI, 2
query, history of women in science, 2
query, physical therapy, 2
query, recordings, 2
query, local market index, 2
query, Qualtrics, 2
query, the last five years, 2
query, wall street journal, 2
query, landis, 2
query, dave myers, 2
query, web of science, 2
query, request off site, 2
query, computer, 2
query, Pew, 2
query, reference, 2
query, art, 2
query, graduate study room, 2
query, harvard review, 2
query, photography, 2
query, the Curious Incident of the Dog, 2
query, individual study rooms, 2
query, basquiat, 2
query, primary sources, 2
query, bobst tamiment, 2
query, mission statement, 2
query, cooper union, 2
query, clean, 2
query, professor, 2
query, haruki murakami, 2
query, lost book, 2
query, diego rivera, 2
query, color copiers, 2
query, hoover, 2
query, staff directory, 2
query, datalogger, 2
query, moby, 2
query, equipment, 2
query, london review of books, 2
query, cognitive psychology scholarly articles, 2
query, virtual computer lab, 2
query, Chicago, 2
query, apocalypse now, 2
query, ITP, 2
query, e reserve, 2
query, columbia university, 2
query, Friends of Bobst, 2
query, consultation, 2
query, Exhibit policy, 2
query, mintel, 2
query, renew, 2
query, netid, 2
query, training, 2
query, internet, 2
query, since, 2
query, oxford art online, 2
query, theses and dissertations, 2
query, APA, 2
query, NYU Law yearbook, 2
query, A Day at a Time, 2
query, LAST Liberal Arts and Sciences, 2
query, Copyright, 2
query, "new york times", 2
query, mango, 2
query, circulation desk, 2
query, purchase, 2
query, acquisitions, 2
query, american economic history, 2
query, refworks code, 2
query, map, 2
query, history of theater, 2
query, jack brause, 2
query, photo archive, 2
query, rosie the riveter lecture, 2
query, reserves, 2
query, study space, 2
query, zotero, 2
query, mla international bibliography, 2
query, psychology in films, 2
query, archives, 2
query, stylesheet, 2
query, friend of bobst, 2
query, library privileges, 2
query, room reservation, 2
query, vinopal, 2
query, apa, 2
query, blcc, 2
query, endnotes, 2
query, william faulkner, 2
query, hathi trust, 2
query, simplymap, 2
query, Laurie Murphy, 2
query, acquisition, 2
query, blacks at sea, 2
query, new york times, 2
query, reserve room, 2
query, pay fine, 2
query, adolph eichmann, 2
query, dataloggers, 2
query, e-reserve, 2
query, noise, 2
query, group code for refworks, 2
query, RSS, 2
query, room, 2
query, culinary, 2
query, san jose mercury news, 2
query, ebrary reader, 2
query, faculty paging, 1
query, NGO UN, 1
query, log in, 1
query, 19th century Russian theatre, 1
query, kenneth connelly, 1
query, statistics collection, 1
query, The conundrum, 1
query, filtered water, 1
query, international fax, 1
query, dog, 1
query, EZproxy, 1
query, judaic studies, 1
query, building, 1
query, non circulation, 1
query, Web of Knowledge, 1
query, friends, 1
query, business plan, 1
query, reservation, 1
query, Microform, 1
query, African Yearbook of International Law, 1
query, e resource problems, 1
query, history of midwifery, 1
query, maintenance request form, 1
query, wolf magazine, 1
query, collections policy, 1
query, MACS, 1
query, document center, 1
query, fales calendar, 1
query, book renew, 1
query, mathematics, 1
query, life-long learning, 1
query, introducing global issues, 1
query, designing a research library of the future, 1
query, cpusa pamphlets, 1
query, dissertation search, 1
query, you've got mail, 1
query, excel, 1
query, avery fischer, 1
query, The London News, 1
query, myers football, 1
query, copy machine, 1
query, recent additions, 1
query, archive, 1
query, yearbook, 1
query, world war 2, 1
query, Estes, 1
query, renaissance art history, 1
query, connection problems, 1
query, recycling, 1
query, placing a hold, 1
query, gender roles, 1
query, reservations, 1
query, net #, 1
query, internet and future, 1
query, whatley, 1
query, internet connection, 1
query, toilet, 1
query, return to shelf, 1
query, nyu proxy, 1
query, video tour, 1
query, site:www.nyu.edu/library/bobst/research maxim gorky, 1
query, french colonies, 1
query, microfilm reader, 1
query, offsite retrieval, 1
query, dream psychology, 1
query, palestine, 1
query, india tourism, 1
query, angela, 1
query, Literaturnaia Gazeta, 1
query, New School Fogelman Library Main Collection, 1
query, new school access, 1
query, One Hundred Great Essays, 1
query, quick search, 1
query, IT, 1
query, Graduate Breakfast, 1
query, Management Sectors in NYU Library, 1
query, citation index, 1
query, heat, 1
query, reference miner, 1
query, Sam Patch, 1
query, locating books, 1
query, creativity copyright, 1
query, "gartner reports", 1
query, benito mussolini, 1
query, color copying, 1
query, ancient egypt, 1
query, london review, 1
query, open stacks, 1
query, commercial code, 1
query, Printing, 1
query, Microform interlibrary, 1
query, volunteer, 1
query, naxos music library, 1
query, its computer, 1
query, crowe, 1
query, museum, 1
query, renewal, 1
query, ;late fee, 1
query, e-shelf, 1
query, proquest dissertation, 1
query, library fees, 1
query, new art practice, 1
query, sponsored borrower, 1
query, book drop, 1
query, binding, 1
query, american promise, 1
query, global delivery, 1
query, Business Virtual Library, 1
query, U.S./U.N. Documents, 1
query, references, 1
query, hathi, 1
query, Journal of Family Violence, 1
query, print center, 1
query, swanson on swanson, 1
query, video desk, 1
query, research journal, 1
query, sql, 1
query, Microform inter library, 1
query, visit, 1
query, cancel hold, 1
query, Foundation Center, 1
query, vietnam war, 1
query, child welfare, 1
query, pro life, 1
query, lapin, 1
query, vending, 1
query, Bilingual children, 1
query, article finder, 1
query, university archive, 1
query, check out, 1
query, palestinian, 1
query, newspapers, 1
query, Revolution From Above, 1
query, gartner, 1
query, Young Jean Lee, 1
query, Holiday hours, 1
query, grey art, 1
query, fales finding aid, 1
query, metropolitan transit, 1
query, primary resources popular music and youth, 1
query, expire, 1
query, site:library.nyu.edu/collections/policies weeding, 1
query, my library account, 1
query, NYU bobst library music reference, 1
query, graduate study rooms, 1
query, public finance, 1
query, non circulation loan, 1
query, tour, 1
query, schedule, 1
query, pew, 1
query, Types of Research, 1
query, finale, 1
query, boston massacre, 1
query, new school login, 1
query, eshelf, 1
query, study spaces, 1
query, remote access, 1
query, 052, 1
query, dvd loan, 1
query, Google ebooks, 1
query, Marian Anderson, 1
query, carreno, 1
query, adaptive technologies room, 1
query, visitor copy cards, 1
query, genesis carpenter center, 1
query, library literature, 1
query, cold war institute, 1
query, web of knowledge, 1
query, images, 1
query, the craftsman, 1
query, the chicago defender, 1
query, william hamilton, 1
query, document delivery, 1
query, kara whatley, 1
query, library, 1
query, Excel, 1
query, extremism, 1
query, national jeweler, 1
query, google, 1
query, thomas the obscure, 1
query, floor maps, 1
query, nyu football myers, 1
query, Ny times, 1
query, NYU courant, 1
query, media services, 1
query, hebrew and judaic studies, 1
query, Enquirer, 1
query, film scanner, 1
query, paging, 1
query, site:www.nyu.edu/library/bobst/research illustrator, 1
query, language files, 1
query, annual report, 1
query, mango language, 1
query, rcms, 1
query, site:www.nyu.edu/library/bobst/research cpusa pamphlets, 1
query, avery fisher loans, 1
query, Regular loan, 1
query, hornick, 1
query, OpenURL, 1
query, ms project, 1
query, tracy barry gallery, 1
query, site:nyu.libguides.com renaissance art history, 1
query, collections, 1
query, The telephone, 1
query, photocopier, 1
query, repair needed, 1
query, A Room of Oneâ€™s Own, 1
query, evaluate, 1
query, government, 1
query, quick check, 1
query, nielsen, 1
query, editorials, 1
query, martin kurth, 1
query, complaint, 1
query, Encyclopedia of Pain, 1
query, careers, 1
query, Lost item, 1
query, celia, 1
query, bobcat support, 1
query, jason phillips, 1
query, cantor, 1
query, blackboard, 1
query, recording studio, 1
query, additional borrowers, 1
query, wine italy, 1
query, the cherry orchard, 1
query, 42nd street, 1
query, report clean, 1
query, comment form, 1
query, buy a pass, 1
query, Xiwu lin, 1
query, New York University Yearbook 1983, 1
query, new students, 1
query, short term memory, 1
query, Death of a Salesman, 1
query, book scanners, 1
query, timothy johnson, 1
query, mla citation, 1
query, Pine, 1
query, START SOMETHING THAT MATTER, 1
query, neon, 1
query, jstor.org, 1
query, bobst library lockers, 1
query, french caribbean, 1
query, rent room, 1
query, Avery fisher, 1
query, lynching, 1
query, Classroom Reservation, 1
query, help desk, 1
query, dean's office, 1
query, the, 1
query, organization, 1
query, "special collections", 1
query, esther ross, 1
query, Richard Nolan, 1
query, proquest dissertation abstracts database, 1
query, services, 1
query, career change, 1
query, MARLI, 1
query, google scholar database, 1
query, new york times current, 1
query, campus media, 1
query, carol man del, 1
query, quiet areas, 1
query, database, 1
query, janet bunde, 1
query, who we are, 1
query, excel class, 1
query, dean award, 1
query, 70 washington, 1
query, global copyright, 1
query, institute of, 1
query, director, 1
query, Human Computer and Interaction, 1
query, HUC Library, 1
query, information technology project management, 1
query, driver, 1
query, documentary films, 1
query, hathitrust, 1
query, columbia, 1
query, access service, 1
query, borrowing privilege, 1
query, lita, 1
query, literature search, 1
query, Color by Fox, 1
query, fiction book, 1
query, works cited, 1
query, tutor, 1
query, item type, 1
query, log in refworks, 1
query, Marli, 1
query, laura mccann, 1
query, pay, 1
query, wireless access, 1
query, Pay fine, 1
query, Return, 1
query, book move, 1
query, foreign policy magazine, 1
query, bobcat standard, 1
query, oral history, 1
query, paula de stefano, 1
query, library volumes, 1
query, borrow from Columbia, 1
query, RENEW, 1
query, Easter Sunday, 1
query, sponsoredaccess, 1
query, Palgrave connect, 1
query, BRAZIL ECONOMY DATA, 1
query, guide, 1
query, voice, 1
query, newspaper, 1
query, social work library, 1
query, e reader, 1
query, duplication film video, 1
query, running toilet, 1
query, teaching library, 1
query, restaurant, 1
query, atrium conference, 1
query, glossary, 1
query, citation formats, 1
query, cleaning request form, 1
query, eiu, 1
query, term paper, 1
query, nyu roam, 1
query, proquest central, 1
query, Dean, 1
query, maxim gorky, 1
query, STATA, 1
query, hot water, 1
query, nexis, 1
query, federalist, 1
query, mango languages, 1
query, locations, 1
query, net id login, 1
query, HathiTrust, 1
query, graduate study, 1
query, atlases, 1
query, april 3, 2012, 1
query, male roles in society, 1
query, grove music online, 1
query, times square, 1
query, Term paper clinic, 1
query, Mendeley, 1
query, tutorials, 1
query, form to buy book, 1
query, maintenance, 1
query, workshop, 1
query, new york public library, 1
query, Phone, 1
query, New School, 1
query, NYUAD, 1
query, video conference, 1
query, alexa pearce, 1
query, geolytics, 1
query, How do you reserve a book?, 1
query, cameras, 1
query, census data, 1
query, Citation Tracking, 1
query, site:library.nyu.edu/collections special collections, 1
query, CUNY Hunter access, 1
query, luna, 1
query, media + children, 1
query, france haiti, 1
query, NYU Bobst Tamiment, 1
query, fogelman, 1
query, ;ate fee, 1
query, poly, 1
query, reserving room, 1
query, loan, 1
query, "search committee", 1
query, comment, 1
query, statistics, 1
query, sound of music, 1
query, academic integrity, 1
query, fales holman, 1
query, NYU IFA Conservation Center, 1
query, Journal ranking, 1
query, graduate student services, 1
query, journal subscriptions, 1
query, world politics review, 1
query, argus, 1
query, primary source, 1
query, Socialization,, 1
query, world cat, 1
query, meredith, 1
query, hemispheric institute, 1
query, rick santorum, 1
query, service alerts, 1
query, english linguistics Japan, 1
query, life in victorian england, 1
query, italian jewry, 1
query, e-learning, 1
query, youth and society, 1
query, Alexander Street Press, 1
query, ILL, 1
query, uptodate, 1
query, florence delivery, 1
query, wiki monograph, 1
query, circulation time, 1
query, Millman, 1
query, search reference section, 1
query, donna davey, 1
query, Monica McCormick, 1
query, learning french, 1
query, my workspace, 1
query, e-brary, 1
query, offsite scan, 1
query, r, 1
query, libraries, 1
query, gift books, 1
query, self check, 1
query, wikipedia, 1
query, the hunger games, 1
query, pictures, 1
query, historical newspapers, 1
query, chicago manual, 1
query, site:library.nyu.edu/tools/sfx sfx, 1
query, jacobs, 1
query, Fogelman, 1
query, Communication for development dissertation, 1
query, usa today, 1
query, database problem, 1
query, lexisnexis, 1
query, printing wirelessly, 1
query, ovid, 1
query, institute of fine arts, 1
query, quick self check, 1
query, henry mac cracken, 1
query, alumni jstor, 1
query, de stefano, 1
query, scanning, 1
query, crl, 1
query, holiday hours, 1
query, wiley online, 1
query, "Science citation index", 1
query, psychinfo, 1
query, guest policy, 1
query, library teams, 1
query, digital studio staff, 1
query, primo, 1
query, Ancestry, 1
query, course reserves, 1
query, aes, 1
query, argentina government policies, 1
query, music score, 1
query, west law, 1
query, clean request form, 1
query, stolen books, 1
query, haiti, 1
query, Ford Models, 1
query, site:www.nyu.edu/library/bobst/research the chicago defender, 1
query, Nolan, Richard, 1
query, library quiz, 1
query, Nolan Richard, 1
query, financing, 1
query, Visitor policies, 1
query, alicia, 1
query, wagner, 1
query, proquest advanced search, 1
query, primary resources popular music and history, 1
query, david millman, 1
query, columbia, displaced population, 1
query, accession list, 1
query, social work librarian, 1
query, strategic plan update, 1
query, myers football nyu, 1
query, paying fines online, 1
query, NYU Institute of Fine Arts, 1
query, William W. Jones, 1
query, sage athens, 1
query, room reserve, 1
query, Chicago Manual, 1
query, borrow electronic, 1
query, "digital studio", 1
query, adaptive technologies, 1
query, Alexander Hamilton, 1
query, emarketer, 1
query, parliamentary, 1
query, call number locations subject, 1
query, David Millman, 1
query, print card, 1
query, how much is printing, 1
query, easy bib, 1
query, food expertise, 1
query, landis, michael, 1
query, preservation and conservation, 1
query, shares libraries, 1
query, health nyc, 1
query, term paper clinic, 1
query, fbis, 1
query, "The New School", 1
query, master's theses guides, 1
query, metalib, 1
query, psychology, 1
query, "client services", 1
query, tamiment upcoming events, 1
query, website hosting, 1
query, SciFinder Scholar, 1
query, ENDNOTE, 1
query, doi, 1
query, phone number bobst library, 1
query, unity reader account, 1
query, class, 1
query, expired, 1
query, research proposal, 1
query, academic journal, 1
query, complaints, 1
query, access hunter, 1
query, library organization, 1
query, bobst library computer center, 1
query, confluence, 1
query, Kara Whatley, 1
query, Mobilization for Survival Records, 1
query, elizabeth w, 1
query, NYU AND Law OR yearbook, 1
query, KARMS, 1
query, sfx, 1
query, google preferences, 1
query, weeding, 1
query, musical therapy market, 1
query, bobst 904, 1
query, computer software, 1
query, Oxford English Dictionary, 1
query, nyu stream, 1
query, color printers, 1
query, aruna, 1
query, CALI, 1
query, icpsr, 1
query, serials, 1
query, special collection, 1
query, Library strategic plan, 1
query, practice law, 1
query, magazines, 1
query, parking, 1
query, Sweet Fire, 1
query, NYU Visiting Scholars, 1
query, PEDro, 1
query, thomson research, 1
query, offsite availability, 1
query, Collections and research, 1
query, "collection agency", 1
query, lee-ann, 1
query, freud, 1
query, discovering dna, 1
query, off-campus, 1
query, shark report, 1
query, endnote x5, 1
query, translating, 1
query, survey monkey, 1
query, pubmed database, 1
query, special collections downtown, 1
query, french english dictionary, 1
query, flowers, 1
query, what level are D books on, 1
query, staff thank you, 1
query, ebrary download, 1
query, access services, 1
query, collection agency, 1
query, Alumni, 1
query, mla format, 1
query, Career Changes, 1
query, nutrition, 1
query, cite, 1
query, room map, 1
query, samantha guss, 1
query, pc lab, 1
query, proxy system, 1
query, computer services, 1
query, fiction, 1
query, amazon.com, 1
query, site:library.nyu.edu/about metrotech center, 1
query, john webster, 1
query, Best pot luck, 1
query, 18th  century online, 1
query, ChemDraw, 1
query, acton, 1
query, reservation contact, 1
query, call # chart, 1
query, childrens literature, 1
query, A rose for emily william faulkner, 1
query, music practice, 1
query, map call number, 1
query, levels and books, 1
query, Ebrary Academic Complete, 1
query, alexander graham bell, 1
query, inter library loan, 1
query, Geolytics, 1
query, oxford dictionary, 1
query, pain statistics, 1
query, scanning stations, 1
query, sos, 1
query, egypt and internet, 1
query, Information Tech, 1
query, proquest dissertations and theses, 1
query, carol h. weiss, 1
query, laptop loan hours, 1
query, bike, 1
query, getit, 1
query, weimar republic, 1
query, ebook, 1
query, Paper writing, 1
query, nyu poly, 1
query, cookbooks, 1
query, lmc, 1
query, Telephone, 1
query, poly graduate students, 1
query, amazon.com equity report, 1
query, LexisNexis, 1
query, AFC, 1
query, group study, 1
query, film scan, 1
query, ez proxy, 1
query, Dianne, 1
query, wiley, 1
query, riot grrrl, 1
query, tom mcnulty, 1
query, collection development policy, 1
query, online resource, 1
query, Room 940, 1
query, Chicago citation, 1
query, librarian faculty, 1
query, recall fees, 1
query, dss, 1
query, videotape, 1
query, Palmer School of Library, 1
query, alcohol, 1
query, in design, 1
query, scanning services, 1
query, dictionaries, 1
query, raskin, 1
query, library statistics, 1
query, preparing for a conference, 1
query, ez, 1
query, local index, 1
query, ex, 1
query, hemispheric, 1
query, parliaments of the uk, 1
query, goodnight moon, 1
query, michael hughes phone, 1
query, Journal citation report, 1
query, fees, 1
query, borrowing law library, 1
query, DVD loan period, 1
query, comments and complaints, 1
query, new york globe, 1
query, guests, 1
query, pick up location, 1
query, Searching Archival Collections, 1
query, analyst reports, 1
query, copy machines, 1
query, self portrait, 1
query, ifa, 1
query, market research, 1
query, Using Citation Tracking Tools, 1
query, stacy williams, 1
query, center for constitutional rights, 1
query, donate books, 1
query, directories, 1
query, non circulating, 1
query, background information, 1
query, databases visitor, 1
query, visiting scholars, 1
query, databases a-z, 1
query, log on, 1
query, african american voting in New York, 1
query, book location, 1
query, Fact sheet, 1
query, strategic, 1
query, Collection development, 1
query, oxford, 1
query, Tamiment, 1
query, 1950, 1
query, therapy, 1
query, nicole b, 1
query, Fales Library, 1
query, springer link, 1
query, return, 1
query, shelf invitation, 1
query, sexualities, 1
